81976;41;OLLA - MAPI;01/01/2014;EJECUTIVO;10;44;MAPI - OLLA;01/01/2014;EJECUTIVO;10
81977;41;OLLA - MAPI;02/01/2014;EJECUTIVO;10;44;MAPI - OLLA;02/01/2014;EJECUTIVO;10
81978;41;OLLA - MAPI;03/01/2014;EJECUTIVO;10;44;MAPI - OLLA;03/01/2014;EJECUTIVO;10
81979;41;OLLA - MAPI;04/01/2014;EJECUTIVO;10;44;MAPI - OLLA;04/01/2014;EJECUTIVO;10
81980;41;OLLA - MAPI;05/01/2014;EJECUTIVO;10;44;MAPI - OLLA;05/01/2014;EJECUTIVO;10
81981;41;OLLA - MAPI;06/01/2014;EJECUTIVO;10;44;MAPI - OLLA;06/01/2014;EJECUTIVO;10
81982;41;OLLA - MAPI;07/01/2014;EJECUTIVO;10;44;MAPI - OLLA;07/01/2014;EJECUTIVO;10
81983;41;OLLA - MAPI;08/01/2014;EJECUTIVO;10;44;MAPI - OLLA;08/01/2014;EJECUTIVO;10
81984;41;OLLA - MAPI;09/01/2014;EJECUTIVO;10;44;MAPI - OLLA;09/01/2014;EJECUTIVO;10
81985;41;OLLA - MAPI;10/01/2014;EJECUTIVO;10;44;MAPI - OLLA;10/01/2014;EJECUTIVO;10
81986;41;OLLA - MAPI;11/01/2014;EJECUTIVO;10;44;MAPI - OLLA;11/01/2014;EJECUTIVO;10
81987;41;OLLA - MAPI;12/01/2014;EJECUTIVO;10;44;MAPI - OLLA;12/01/2014;EJECUTIVO;10
81988;41;OLLA - MAPI;13/01/2014;EJECUTIVO;10;44;MAPI - OLLA;13/01/2014;EJECUTIVO;10
81989;41;OLLA - MAPI;14/01/2014;EJECUTIVO;10;44;MAPI - OLLA;14/01/2014;EJECUTIVO;10
81990;41;OLLA - MAPI;15/01/2014;EJECUTIVO;10;44;MAPI - OLLA;15/01/2014;EJECUTIVO;10
81991;41;OLLA - MAPI;16/01/2014;EJECUTIVO;10;44;MAPI - OLLA;16/01/2014;EJECUTIVO;10
81992;41;OLLA - MAPI;17/01/2014;EJECUTIVO;10;44;MAPI - OLLA;17/01/2014;EJECUTIVO;10
81993;41;OLLA - MAPI;18/01/2014;EJECUTIVO;10;44;MAPI - OLLA;18/01/2014;EJECUTIVO;10
81994;41;OLLA - MAPI;19/01/2014;EJECUTIVO;10;44;MAPI - OLLA;19/01/2014;EJECUTIVO;10
81995;41;OLLA - MAPI;20/01/2014;EJECUTIVO;10;44;MAPI - OLLA;20/01/2014;EJECUTIVO;10
81996;41;OLLA - MAPI;21/01/2014;EJECUTIVO;5;44;MAPI - OLLA;21/01/2014;EJECUTIVO;5
81997;41;OLLA - MAPI;22/01/2014;EJECUTIVO;10;44;MAPI - OLLA;22/01/2014;EJECUTIVO;10
81998;41;OLLA - MAPI;23/01/2014;EJECUTIVO;10;44;MAPI - OLLA;23/01/2014;EJECUTIVO;10
81999;41;OLLA - MAPI;24/01/2014;EJECUTIVO;10;44;MAPI - OLLA;24/01/2014;EJECUTIVO;10
82000;41;OLLA - MAPI;25/01/2014;EJECUTIVO;10;44;MAPI - OLLA;25/01/2014;EJECUTIVO;10
82001;41;OLLA - MAPI;26/01/2014;EJECUTIVO;10;44;MAPI - OLLA;26/01/2014;EJECUTIVO;10
82002;41;OLLA - MAPI;27/01/2014;EJECUTIVO;10;44;MAPI - OLLA;27/01/2014;EJECUTIVO;10
82003;41;OLLA - MAPI;28/01/2014;EJECUTIVO;10;44;MAPI - OLLA;28/01/2014;EJECUTIVO;10
82004;41;OLLA - MAPI;29/01/2014;EJECUTIVO;10;44;MAPI - OLLA;29/01/2014;EJECUTIVO;10
82329;41;OLLA - MAPI;30/01/2014;EJECUTIVO;10;44;MAPI - OLLA;30/01/2014;EJECUTIVO;10
82005;41;OLLA - MAPI;31/01/2014;EJECUTIVO;10;44;MAPI - OLLA;31/01/2014;EJECUTIVO;10
82013;41;OLLA - MAPI;01/02/2014;EJECUTIVO;10;44;MAPI - OLLA;01/02/2014;EJECUTIVO;10
82015;41;OLLA - MAPI;02/02/2014;EJECUTIVO;10;44;MAPI - OLLA;02/02/2014;EJECUTIVO;10
82016;41;OLLA - MAPI;03/02/2014;EJECUTIVO;10;44;MAPI - OLLA;03/02/2014;EJECUTIVO;10
82017;41;OLLA - MAPI;04/02/2014;EJECUTIVO;10;44;MAPI - OLLA;04/02/2014;EJECUTIVO;10
82018;41;OLLA - MAPI;05/02/2014;EJECUTIVO;10;44;MAPI - OLLA;05/02/2014;EJECUTIVO;10
82019;41;OLLA - MAPI;06/02/2014;EJECUTIVO;10;44;MAPI - OLLA;06/02/2014;EJECUTIVO;10
82368;41;OLLA - MAPI;07/02/2014;EJECUTIVO;10;44;MAPI - OLLA;07/02/2014;EJECUTIVO;10
82020;41;OLLA - MAPI;08/02/2014;EJECUTIVO;10;44;MAPI - OLLA;08/02/2014;EJECUTIVO;10
82369;41;OLLA - MAPI;09/02/2014;EJECUTIVO;10;44;MAPI - OLLA;09/02/2014;EJECUTIVO;10
82370;41;OLLA - MAPI;10/02/2014;EJECUTIVO;10;44;MAPI - OLLA;10/02/2014;EJECUTIVO;10
82021;41;OLLA - MAPI;11/02/2014;EJECUTIVO;10;44;MAPI - OLLA;11/02/2014;EJECUTIVO;10
82022;41;OLLA - MAPI;12/02/2014;EJECUTIVO;10;44;MAPI - OLLA;12/02/2014;EJECUTIVO;10
82023;41;OLLA - MAPI;13/02/2014;EJECUTIVO;10;44;MAPI - OLLA;13/02/2014;EJECUTIVO;10
82025;41;OLLA - MAPI;14/02/2014;EJECUTIVO;10;44;MAPI - OLLA;14/02/2014;EJECUTIVO;10
82026;41;OLLA - MAPI;15/02/2014;EJECUTIVO;10;44;MAPI - OLLA;15/02/2014;EJECUTIVO;10
82027;41;OLLA - MAPI;16/02/2014;EJECUTIVO;10;44;MAPI - OLLA;16/02/2014;EJECUTIVO;10
82371;41;OLLA - MAPI;17/02/2014;EJECUTIVO;10;44;MAPI - OLLA;17/02/2014;EJECUTIVO;10
82028;41;OLLA - MAPI;18/02/2014;EJECUTIVO;10;44;MAPI - OLLA;18/02/2014;EJECUTIVO;10
82029;41;OLLA - MAPI;19/02/2014;EJECUTIVO;10;44;MAPI - OLLA;19/02/2014;EJECUTIVO;10
82030;41;OLLA - MAPI;20/02/2014;EJECUTIVO;10;44;MAPI - OLLA;20/02/2014;EJECUTIVO;10
82031;41;OLLA - MAPI;21/02/2014;EJECUTIVO;10;44;MAPI - OLLA;21/02/2014;EJECUTIVO;10
82032;41;OLLA - MAPI;22/02/2014;EJECUTIVO;10;44;MAPI - OLLA;22/02/2014;EJECUTIVO;10
82033;41;OLLA - MAPI;23/02/2014;EJECUTIVO;10;44;MAPI - OLLA;23/02/2014;EJECUTIVO;10
82372;41;OLLA - MAPI;24/02/2014;EJECUTIVO;10;44;MAPI - OLLA;24/02/2014;EJECUTIVO;10
82034;41;OLLA - MAPI;25/02/2014;EJECUTIVO;10;44;MAPI - OLLA;25/02/2014;EJECUTIVO;10
82035;41;OLLA - MAPI;26/02/2014;EJECUTIVO;10;44;MAPI - OLLA;26/02/2014;EJECUTIVO;10
82036;41;OLLA - MAPI;27/02/2014;EJECUTIVO;10;44;MAPI - OLLA;27/02/2014;EJECUTIVO;10
82037;41;OLLA - MAPI;28/02/2014;EJECUTIVO;10;44;MAPI - OLLA;28/02/2014;EJECUTIVO;10
82038;41;OLLA - MAPI;01/03/2014;EJECUTIVO;10;44;MAPI - OLLA;01/03/2014;EJECUTIVO;10
82039;41;OLLA - MAPI;02/03/2014;EJECUTIVO;10;44;MAPI - OLLA;02/03/2014;EJECUTIVO;10
82373;41;OLLA - MAPI;03/03/2014;EJECUTIVO;10;44;MAPI - OLLA;03/03/2014;EJECUTIVO;10
82040;41;OLLA - MAPI;04/03/2014;EJECUTIVO;10;44;MAPI - OLLA;04/03/2014;EJECUTIVO;10
82041;41;OLLA - MAPI;05/03/2014;EJECUTIVO;10;44;MAPI - OLLA;05/03/2014;EJECUTIVO;10
82374;41;OLLA - MAPI;06/03/2014;EJECUTIVO;10;44;MAPI - OLLA;06/03/2014;EJECUTIVO;10
82042;41;OLLA - MAPI;07/03/2014;EJECUTIVO;10;44;MAPI - OLLA;07/03/2014;EJECUTIVO;10
82375;41;OLLA - MAPI;08/03/2014;EJECUTIVO;10;44;MAPI - OLLA;08/03/2014;EJECUTIVO;10
82376;41;OLLA - MAPI;09/03/2014;EJECUTIVO;10;44;MAPI - OLLA;09/03/2014;EJECUTIVO;10
82043;41;OLLA - MAPI;10/03/2014;EJECUTIVO;10;44;MAPI - OLLA;10/03/2014;EJECUTIVO;10
82377;41;OLLA - MAPI;11/03/2014;EJECUTIVO;10;44;MAPI - OLLA;11/03/2014;EJECUTIVO;10
82378;41;OLLA - MAPI;12/03/2014;EJECUTIVO;10;44;MAPI - OLLA;12/03/2014;EJECUTIVO;10
82379;41;OLLA - MAPI;13/03/2014;EJECUTIVO;10;44;MAPI - OLLA;13/03/2014;EJECUTIVO;10
82044;41;OLLA - MAPI;14/03/2014;EJECUTIVO;10;44;MAPI - OLLA;14/03/2014;EJECUTIVO;10
82045;41;OLLA - MAPI;15/03/2014;EJECUTIVO;10;44;MAPI - OLLA;15/03/2014;EJECUTIVO;10
82046;41;OLLA - MAPI;16/03/2014;EJECUTIVO;10;44;MAPI - OLLA;16/03/2014;EJECUTIVO;10
82380;41;OLLA - MAPI;17/03/2014;EJECUTIVO;10;44;MAPI - OLLA;17/03/2014;EJECUTIVO;10
82047;41;OLLA - MAPI;18/03/2014;EJECUTIVO;10;44;MAPI - OLLA;18/03/2014;EJECUTIVO;10
82048;41;OLLA - MAPI;19/03/2014;EJECUTIVO;10;44;MAPI - OLLA;19/03/2014;EJECUTIVO;10
82049;41;OLLA - MAPI;20/03/2014;EJECUTIVO;10;44;MAPI - OLLA;20/03/2014;EJECUTIVO;10
82381;41;OLLA - MAPI;21/03/2014;EJECUTIVO;10;44;MAPI - OLLA;21/03/2014;EJECUTIVO;10
82050;41;OLLA - MAPI;22/03/2014;EJECUTIVO;10;44;MAPI - OLLA;22/03/2014;EJECUTIVO;10
82382;41;OLLA - MAPI;23/03/2014;EJECUTIVO;10;44;MAPI - OLLA;23/03/2014;EJECUTIVO;10
82383;41;OLLA - MAPI;24/03/2014;EJECUTIVO;10;44;MAPI - OLLA;24/03/2014;EJECUTIVO;10
82384;41;OLLA - MAPI;25/03/2014;EJECUTIVO;10;44;MAPI - OLLA;25/03/2014;EJECUTIVO;10
82051;41;OLLA - MAPI;26/03/2014;EJECUTIVO;10;44;MAPI - OLLA;26/03/2014;EJECUTIVO;10
82052;41;OLLA - MAPI;27/03/2014;EJECUTIVO;10;44;MAPI - OLLA;27/03/2014;EJECUTIVO;10
82053;41;OLLA - MAPI;28/03/2014;EJECUTIVO;10;44;MAPI - OLLA;28/03/2014;EJECUTIVO;10
82054;41;OLLA - MAPI;29/03/2014;EJECUTIVO;10;44;MAPI - OLLA;29/03/2014;EJECUTIVO;10
82056;41;OLLA - MAPI;30/03/2014;EJECUTIVO;10;44;MAPI - OLLA;30/03/2014;EJECUTIVO;10
82057;41;OLLA - MAPI;31/03/2014;EJECUTIVO;9;44;MAPI - OLLA;31/03/2014;EJECUTIVO;9
82059;41;OLLA - MAPI;01/04/2014;EJECUTIVO;10;44;MAPI - OLLA;01/04/2014;EJECUTIVO;10
82385;41;OLLA - MAPI;02/04/2014;EJECUTIVO;10;44;MAPI - OLLA;02/04/2014;EJECUTIVO;10
82060;41;OLLA - MAPI;03/04/2014;EJECUTIVO;10;44;MAPI - OLLA;03/04/2014;EJECUTIVO;10
82386;41;OLLA - MAPI;04/04/2014;EJECUTIVO;10;44;MAPI - OLLA;04/04/2014;EJECUTIVO;10
82062;41;OLLA - MAPI;05/04/2014;EJECUTIVO;10;44;MAPI - OLLA;05/04/2014;EJECUTIVO;10
82063;41;OLLA - MAPI;06/04/2014;EJECUTIVO;10;44;MAPI - OLLA;06/04/2014;EJECUTIVO;10
82064;41;OLLA - MAPI;07/04/2014;EJECUTIVO;10;44;MAPI - OLLA;07/04/2014;EJECUTIVO;10
82065;41;OLLA - MAPI;08/04/2014;EJECUTIVO;10;44;MAPI - OLLA;08/04/2014;EJECUTIVO;10
82068;41;OLLA - MAPI;09/04/2014;EJECUTIVO;10;44;MAPI - OLLA;09/04/2014;EJECUTIVO;10
82069;41;OLLA - MAPI;10/04/2014;EJECUTIVO;10;44;MAPI - OLLA;10/04/2014;EJECUTIVO;10
82070;41;OLLA - MAPI;11/04/2014;EJECUTIVO;6;44;MAPI - OLLA;11/04/2014;EJECUTIVO;6
82387;41;OLLA - MAPI;12/04/2014;EJECUTIVO;10;44;MAPI - OLLA;12/04/2014;EJECUTIVO;10
82082;41;OLLA - MAPI;13/04/2014;EJECUTIVO;10;44;MAPI - OLLA;13/04/2014;EJECUTIVO;10
82388;41;OLLA - MAPI;14/04/2014;EJECUTIVO;10;44;MAPI - OLLA;14/04/2014;EJECUTIVO;10
82083;41;OLLA - MAPI;15/04/2014;EJECUTIVO;10;44;MAPI - OLLA;15/04/2014;EJECUTIVO;10
82084;41;OLLA - MAPI;16/04/2014;EJECUTIVO;10;44;MAPI - OLLA;16/04/2014;EJECUTIVO;10
82085;41;OLLA - MAPI;17/04/2014;EJECUTIVO;10;44;MAPI - OLLA;17/04/2014;EJECUTIVO;10
82086;41;OLLA - MAPI;18/04/2014;EJECUTIVO;10;44;MAPI - OLLA;18/04/2014;EJECUTIVO;10
82087;41;OLLA - MAPI;19/04/2014;EJECUTIVO;10;44;MAPI - OLLA;19/04/2014;EJECUTIVO;10
82088;41;OLLA - MAPI;20/04/2014;EJECUTIVO;10;44;MAPI - OLLA;20/04/2014;EJECUTIVO;10
82089;41;OLLA - MAPI;21/04/2014;EJECUTIVO;10;44;MAPI - OLLA;21/04/2014;EJECUTIVO;10
82091;41;OLLA - MAPI;22/04/2014;EJECUTIVO;10;44;MAPI - OLLA;22/04/2014;EJECUTIVO;10
82389;41;OLLA - MAPI;23/04/2014;EJECUTIVO;10;44;MAPI - OLLA;23/04/2014;EJECUTIVO;10
82093;41;OLLA - MAPI;24/04/2014;EJECUTIVO;10;44;MAPI - OLLA;24/04/2014;EJECUTIVO;10
82094;41;OLLA - MAPI;25/04/2014;EJECUTIVO;10;44;MAPI - OLLA;25/04/2014;EJECUTIVO;10
82096;41;OLLA - MAPI;26/04/2014;EJECUTIVO;10;44;MAPI - OLLA;26/04/2014;EJECUTIVO;10
82097;41;OLLA - MAPI;27/04/2014;EJECUTIVO;10;44;MAPI - OLLA;27/04/2014;EJECUTIVO;10
82099;41;OLLA - MAPI;28/04/2014;EJECUTIVO;10;44;MAPI - OLLA;28/04/2014;EJECUTIVO;10
82100;41;OLLA - MAPI;29/04/2014;EJECUTIVO;10;44;MAPI - OLLA;29/04/2014;EJECUTIVO;10
82101;41;OLLA - MAPI;30/04/2014;EJECUTIVO;10;44;MAPI - OLLA;30/04/2014;EJECUTIVO;10
82390;41;OLLA - MAPI;01/05/2014;EJECUTIVO;10;44;MAPI - OLLA;01/05/2014;EJECUTIVO;10
82391;41;OLLA - MAPI;02/05/2014;EJECUTIVO;10;44;MAPI - OLLA;02/05/2014;EJECUTIVO;10
82103;43;OLLA - MAPI;03/05/2014;EJECUTIVO;10;46;MAPI - OLLA;03/05/2014;EJECUTIVO;10
82104;41;OLLA - MAPI;04/05/2014;EJECUTIVO;10;44;MAPI - OLLA;04/05/2014;EJECUTIVO;10
82105;41;OLLA - MAPI;05/05/2014;EJECUTIVO;10;44;MAPI - OLLA;05/05/2014;EJECUTIVO;10
82106;41;OLLA - MAPI;06/05/2014;EJECUTIVO;10;44;MAPI - OLLA;06/05/2014;EJECUTIVO;10
82393;41;OLLA - MAPI;07/05/2014;EJECUTIVO;10;44;MAPI - OLLA;07/05/2014;EJECUTIVO;10
82108;41;OLLA - MAPI;08/05/2014;EJECUTIVO;10;44;MAPI - OLLA;08/05/2014;EJECUTIVO;10
82109;41;OLLA - MAPI;09/05/2014;EJECUTIVO;10;44;MAPI - OLLA;09/05/2014;EJECUTIVO;10
82394;41;OLLA - MAPI;10/05/2014;EJECUTIVO;10;44;MAPI - OLLA;10/05/2014;EJECUTIVO;10
82110;41;OLLA - MAPI;11/05/2014;EJECUTIVO;10;44;MAPI - OLLA;11/05/2014;EJECUTIVO;10
82111;43;OLLA - MAPI;12/05/2014;EJECUTIVO;10;46;MAPI - OLLA;12/05/2014;EJECUTIVO;10
82112;41;OLLA - MAPI;13/05/2014;EJECUTIVO;10;44;MAPI - OLLA;13/05/2014;EJECUTIVO;10
82113;43;OLLA - MAPI;15/05/2014;EJECUTIVO;10;46;MAPI - OLLA;15/05/2014;EJECUTIVO;10
82114;43;OLLA - MAPI;16/05/2014;EJECUTIVO;10;46;MAPI - OLLA;16/05/2014;EJECUTIVO;10
82395;41;OLLA - MAPI;17/05/2014;EJECUTIVO;10;44;MAPI - OLLA;17/05/2014;EJECUTIVO;10
82115;41;OLLA - MAPI;18/05/2014;EJECUTIVO;10;44;MAPI - OLLA;18/05/2014;EJECUTIVO;10
82117;43;OLLA - MAPI;19/05/2014;EJECUTIVO;10;46;MAPI - OLLA;19/05/2014;EJECUTIVO;10
82118;41;OLLA - MAPI;20/05/2014;EJECUTIVO;10;44;MAPI - OLLA;20/05/2014;EJECUTIVO;10
82119;41;OLLA - MAPI;21/05/2014;EJECUTIVO;10;44;MAPI - OLLA;21/05/2014;EJECUTIVO;10
82121;41;OLLA - MAPI;22/05/2014;EJECUTIVO;10;44;MAPI - OLLA;22/05/2014;EJECUTIVO;10
82396;41;OLLA - MAPI;23/05/2014;EJECUTIVO;10;44;MAPI - OLLA;23/05/2014;EJECUTIVO;10
82122;41;OLLA - MAPI;24/05/2014;EJECUTIVO;10;44;MAPI - OLLA;24/05/2014;EJECUTIVO;10
82123;41;OLLA - MAPI;25/05/2014;EJECUTIVO;10;44;MAPI - OLLA;25/05/2014;EJECUTIVO;10
82124;41;OLLA - MAPI;26/05/2014;EJECUTIVO;10;44;MAPI - OLLA;26/05/2014;EJECUTIVO;10
82125;41;OLLA - MAPI;28/05/2014;EJECUTIVO;10;44;MAPI - OLLA;28/05/2014;EJECUTIVO;10
82126;41;OLLA - MAPI;29/05/2014;EJECUTIVO;10;44;MAPI - OLLA;29/05/2014;EJECUTIVO;10
82127;41;OLLA - MAPI;30/05/2014;EJECUTIVO;10;44;MAPI - OLLA;30/05/2014;EJECUTIVO;10
82128;41;OLLA - MAPI;31/05/2014;EJECUTIVO;10;44;MAPI - OLLA;31/05/2014;EJECUTIVO;10
82129;41;OLLA - MAPI;01/06/2014;EJECUTIVO;10;44;MAPI - OLLA;01/06/2014;EJECUTIVO;10
82398;41;OLLA - MAPI;02/06/2014;EJECUTIVO;10;44;MAPI - OLLA;02/06/2014;EJECUTIVO;10
82130;41;OLLA - MAPI;03/06/2014;EJECUTIVO;10;44;MAPI - OLLA;03/06/2014;EJECUTIVO;10
82131;41;OLLA - MAPI;04/06/2014;EJECUTIVO;10;44;MAPI - OLLA;04/06/2014;EJECUTIVO;10
82132;41;OLLA - MAPI;05/06/2014;EJECUTIVO;10;44;MAPI - OLLA;05/06/2014;EJECUTIVO;10
82399;41;OLLA - MAPI;06/06/2014;EJECUTIVO;10;44;MAPI - OLLA;06/06/2014;EJECUTIVO;10
82133;41;OLLA - MAPI;07/06/2014;EJECUTIVO;10;44;MAPI - OLLA;07/06/2014;EJECUTIVO;10
82134;41;OLLA - MAPI;08/06/2014;EJECUTIVO;10;44;MAPI - OLLA;08/06/2014;EJECUTIVO;10
82135;41;OLLA - MAPI;09/06/2014;EJECUTIVO;10;44;MAPI - OLLA;09/06/2014;EJECUTIVO;10
82400;41;OLLA - MAPI;10/06/2014;EJECUTIVO;10;44;MAPI - OLLA;10/06/2014;EJECUTIVO;10
82136;41;OLLA - MAPI;11/06/2014;EJECUTIVO;10;44;MAPI - OLLA;11/06/2014;EJECUTIVO;10
82137;41;OLLA - MAPI;12/06/2014;EJECUTIVO;10;44;MAPI - OLLA;12/06/2014;EJECUTIVO;10
82138;41;OLLA - MAPI;13/06/2014;EJECUTIVO;10;44;MAPI - OLLA;13/06/2014;EJECUTIVO;10
82139;41;OLLA - MAPI;14/06/2014;EJECUTIVO;10;44;MAPI - OLLA;14/06/2014;EJECUTIVO;10
82140;41;OLLA - MAPI;15/06/2014;EJECUTIVO;10;44;MAPI - OLLA;15/06/2014;EJECUTIVO;10
82141;41;OLLA - MAPI;16/06/2014;EJECUTIVO;10;44;MAPI - OLLA;16/06/2014;EJECUTIVO;10
82142;41;OLLA - MAPI;17/06/2014;EJECUTIVO;10;44;MAPI - OLLA;17/06/2014;EJECUTIVO;10
82143;41;OLLA - MAPI;18/06/2014;EJECUTIVO;10;44;MAPI - OLLA;18/06/2014;EJECUTIVO;10
82144;41;OLLA - MAPI;19/06/2014;EJECUTIVO;10;44;MAPI - OLLA;19/06/2014;EJECUTIVO;10
82145;41;OLLA - MAPI;20/06/2014;EJECUTIVO;10;44;MAPI - OLLA;20/06/2014;EJECUTIVO;10
82146;41;OLLA - MAPI;21/06/2014;EJECUTIVO;10;44;MAPI - OLLA;21/06/2014;EJECUTIVO;10
82147;41;OLLA - MAPI;22/06/2014;EJECUTIVO;10;44;MAPI - OLLA;22/06/2014;EJECUTIVO;10
82148;41;OLLA - MAPI;23/06/2014;EJECUTIVO;10;44;MAPI - OLLA;23/06/2014;EJECUTIVO;10
82149;41;OLLA - MAPI;24/06/2014;EJECUTIVO;10;44;MAPI - OLLA;24/06/2014;EJECUTIVO;10
82401;41;OLLA - MAPI;25/06/2014;EJECUTIVO;10;44;MAPI - OLLA;25/06/2014;EJECUTIVO;10
82150;41;OLLA - MAPI;26/06/2014;EJECUTIVO;10;44;MAPI - OLLA;26/06/2014;EJECUTIVO;10
82151;41;OLLA - MAPI;27/06/2014;EJECUTIVO;10;44;MAPI - OLLA;27/06/2014;EJECUTIVO;10
82152;41;OLLA - MAPI;28/06/2014;EJECUTIVO;10;44;MAPI - OLLA;28/06/2014;EJECUTIVO;10
82153;41;OLLA - MAPI;29/06/2014;EJECUTIVO;10;44;MAPI - OLLA;29/06/2014;EJECUTIVO;10
82154;41;OLLA - MAPI;30/06/2014;EJECUTIVO;10;44;MAPI - OLLA;30/06/2014;EJECUTIVO;10
82159;41;OLLA - MAPI;01/07/2014;EJECUTIVO;10;44;MAPI - OLLA;01/07/2014;EJECUTIVO;10
82160;41;OLLA - MAPI;02/07/2014;EJECUTIVO;10;44;MAPI - OLLA;02/07/2014;EJECUTIVO;10
82161;41;OLLA - MAPI;03/07/2014;EJECUTIVO;10;44;MAPI - OLLA;03/07/2014;EJECUTIVO;10
82162;41;OLLA - MAPI;04/07/2014;EJECUTIVO;10;44;MAPI - OLLA;04/07/2014;EJECUTIVO;10
82163;41;OLLA - MAPI;05/07/2014;EJECUTIVO;10;44;MAPI - OLLA;05/07/2014;EJECUTIVO;10
82164;41;OLLA - MAPI;06/07/2014;EJECUTIVO;10;44;MAPI - OLLA;06/07/2014;EJECUTIVO;10
82165;41;OLLA - MAPI;07/07/2014;EJECUTIVO;10;44;MAPI - OLLA;07/07/2014;EJECUTIVO;10
82166;41;OLLA - MAPI;08/07/2014;EJECUTIVO;10;44;MAPI - OLLA;08/07/2014;EJECUTIVO;10
82167;41;OLLA - MAPI;09/07/2014;EJECUTIVO;10;44;MAPI - OLLA;09/07/2014;EJECUTIVO;10
82169;41;OLLA - MAPI;10/07/2014;EJECUTIVO;10;44;MAPI - OLLA;10/07/2014;EJECUTIVO;10
82170;41;OLLA - MAPI;11/07/2014;EJECUTIVO;10;44;MAPI - OLLA;11/07/2014;EJECUTIVO;10
82171;41;OLLA - MAPI;12/07/2014;EJECUTIVO;10;44;MAPI - OLLA;12/07/2014;EJECUTIVO;10
82172;41;OLLA - MAPI;13/07/2014;EJECUTIVO;10;44;MAPI - OLLA;13/07/2014;EJECUTIVO;10
82173;41;OLLA - MAPI;14/07/2014;EJECUTIVO;10;44;MAPI - OLLA;14/07/2014;EJECUTIVO;10
82174;41;OLLA - MAPI;15/07/2014;EJECUTIVO;10;44;MAPI - OLLA;15/07/2014;EJECUTIVO;10
82175;41;OLLA - MAPI;16/07/2014;EJECUTIVO;10;44;MAPI - OLLA;16/07/2014;EJECUTIVO;10
82176;41;OLLA - MAPI;17/07/2014;EJECUTIVO;10;44;MAPI - OLLA;17/07/2014;EJECUTIVO;10
82177;41;OLLA - MAPI;18/07/2014;EJECUTIVO;10;44;MAPI - OLLA;18/07/2014;EJECUTIVO;10
82178;41;OLLA - MAPI;19/07/2014;EJECUTIVO;10;44;MAPI - OLLA;19/07/2014;EJECUTIVO;10
82179;41;OLLA - MAPI;20/07/2014;EJECUTIVO;10;44;MAPI - OLLA;20/07/2014;EJECUTIVO;10
82180;41;OLLA - MAPI;21/07/2014;EJECUTIVO;10;44;MAPI - OLLA;21/07/2014;EJECUTIVO;10
82402;41;OLLA - MAPI;22/07/2014;EJECUTIVO;10;44;MAPI - OLLA;22/07/2014;EJECUTIVO;10
82403;41;OLLA - MAPI;23/07/2014;EJECUTIVO;10;44;MAPI - OLLA;23/07/2014;EJECUTIVO;10
82181;41;OLLA - MAPI;24/07/2014;EJECUTIVO;10;44;MAPI - OLLA;24/07/2014;EJECUTIVO;10
82182;41;OLLA - MAPI;25/07/2014;EJECUTIVO;10;44;MAPI - OLLA;25/07/2014;EJECUTIVO;10
82183;41;OLLA - MAPI;26/07/2014;EJECUTIVO;10;44;MAPI - OLLA;26/07/2014;EJECUTIVO;10
82184;41;OLLA - MAPI;27/07/2014;EJECUTIVO;10;44;MAPI - OLLA;27/07/2014;EJECUTIVO;10
82185;41;OLLA - MAPI;28/07/2014;EJECUTIVO;10;44;MAPI - OLLA;28/07/2014;EJECUTIVO;10
82186;41;OLLA - MAPI;29/07/2014;EJECUTIVO;10;44;MAPI - OLLA;29/07/2014;EJECUTIVO;10
82187;41;OLLA - MAPI;30/07/2014;EJECUTIVO;10;44;MAPI - OLLA;30/07/2014;EJECUTIVO;10
82188;41;OLLA - MAPI;31/07/2014;EJECUTIVO;10;44;MAPI - OLLA;31/07/2014;EJECUTIVO;10
82189;41;OLLA - MAPI;01/08/2014;EJECUTIVO;10;44;MAPI - OLLA;01/08/2014;EJECUTIVO;10
82404;41;OLLA - MAPI;02/08/2014;EJECUTIVO;10;44;MAPI - OLLA;02/08/2014;EJECUTIVO;10
82190;41;OLLA - MAPI;03/08/2014;EJECUTIVO;10;44;MAPI - OLLA;03/08/2014;EJECUTIVO;10
82191;41;OLLA - MAPI;04/08/2014;EJECUTIVO;10;44;MAPI - OLLA;04/08/2014;EJECUTIVO;10
82192;41;OLLA - MAPI;05/08/2014;EJECUTIVO;10;44;MAPI - OLLA;05/08/2014;EJECUTIVO;10
82193;41;OLLA - MAPI;06/08/2014;EJECUTIVO;10;44;MAPI - OLLA;06/08/2014;EJECUTIVO;10
82405;41;OLLA - MAPI;07/08/2014;EJECUTIVO;10;44;MAPI - OLLA;07/08/2014;EJECUTIVO;10
82194;41;OLLA - MAPI;08/08/2014;EJECUTIVO;10;44;MAPI - OLLA;08/08/2014;EJECUTIVO;10
82195;41;OLLA - MAPI;09/08/2014;EJECUTIVO;10;44;MAPI - OLLA;09/08/2014;EJECUTIVO;10
82196;41;OLLA - MAPI;10/08/2014;EJECUTIVO;10;44;MAPI - OLLA;10/08/2014;EJECUTIVO;10
82197;43;OLLA - MAPI;11/08/2014;EJECUTIVO;10;46;MAPI - OLLA;11/08/2014;EJECUTIVO;10
82406;41;OLLA - MAPI;12/08/2014;EJECUTIVO;10;44;MAPI - OLLA;12/08/2014;EJECUTIVO;10
82198;41;OLLA - MAPI;13/08/2014;EJECUTIVO;10;44;MAPI - OLLA;13/08/2014;EJECUTIVO;10
82199;41;OLLA - MAPI;14/08/2014;EJECUTIVO;10;44;MAPI - OLLA;14/08/2014;EJECUTIVO;10
82407;41;OLLA - MAPI;15/08/2014;EJECUTIVO;10;44;MAPI - OLLA;15/08/2014;EJECUTIVO;10
82200;41;OLLA - MAPI;16/08/2014;EJECUTIVO;10;44;MAPI - OLLA;16/08/2014;EJECUTIVO;10
82201;41;OLLA - MAPI;17/08/2014;EJECUTIVO;10;44;MAPI - OLLA;17/08/2014;EJECUTIVO;10
82409;41;OLLA - MAPI;18/08/2014;EJECUTIVO;10;44;MAPI - OLLA;18/08/2014;EJECUTIVO;10
82202;41;OLLA - MAPI;19/08/2014;EJECUTIVO;10;44;MAPI - OLLA;19/08/2014;EJECUTIVO;10
82203;41;OLLA - MAPI;20/08/2014;EJECUTIVO;10;44;MAPI - OLLA;20/08/2014;EJECUTIVO;10
82204;41;OLLA - MAPI;21/08/2014;EJECUTIVO;10;44;MAPI - OLLA;21/08/2014;EJECUTIVO;10
82205;41;OLLA - MAPI;22/08/2014;EJECUTIVO;10;44;MAPI - OLLA;22/08/2014;EJECUTIVO;10
82206;41;OLLA - MAPI;23/08/2014;EJECUTIVO;10;44;MAPI - OLLA;23/08/2014;EJECUTIVO;10
82207;41;OLLA - MAPI;24/08/2014;EJECUTIVO;10;44;MAPI - OLLA;24/08/2014;EJECUTIVO;10
82208;41;OLLA - MAPI;25/08/2014;EJECUTIVO;10;44;MAPI - OLLA;25/08/2014;EJECUTIVO;10
82209;41;OLLA - MAPI;26/08/2014;EJECUTIVO;10;44;MAPI - OLLA;26/08/2014;EJECUTIVO;10
82410;41;OLLA - MAPI;27/08/2014;EJECUTIVO;10;44;MAPI - OLLA;27/08/2014;EJECUTIVO;10
82210;41;OLLA - MAPI;28/08/2014;EJECUTIVO;10;44;MAPI - OLLA;28/08/2014;EJECUTIVO;10
82211;41;OLLA - MAPI;29/08/2014;EJECUTIVO;10;44;MAPI - OLLA;29/08/2014;EJECUTIVO;10
82212;41;OLLA - MAPI;30/08/2014;EJECUTIVO;10;44;MAPI - OLLA;30/08/2014;EJECUTIVO;10
82213;41;OLLA - MAPI;31/08/2014;EJECUTIVO;10;44;MAPI - OLLA;31/08/2014;EJECUTIVO;10
82411;41;OLLA - MAPI;01/09/2014;EJECUTIVO;10;44;MAPI - OLLA;01/09/2014;EJECUTIVO;10
82214;41;OLLA - MAPI;02/09/2014;EJECUTIVO;10;44;MAPI - OLLA;02/09/2014;EJECUTIVO;10
82215;41;OLLA - MAPI;03/09/2014;EJECUTIVO;10;44;MAPI - OLLA;03/09/2014;EJECUTIVO;10
82216;41;OLLA - MAPI;04/09/2014;EJECUTIVO;10;44;MAPI - OLLA;04/09/2014;EJECUTIVO;10
82217;41;OLLA - MAPI;05/09/2014;EJECUTIVO;10;44;MAPI - OLLA;05/09/2014;EJECUTIVO;10
82218;41;OLLA - MAPI;06/09/2014;EJECUTIVO;10;44;MAPI - OLLA;06/09/2014;EJECUTIVO;10
82219;41;OLLA - MAPI;07/09/2014;EJECUTIVO;10;44;MAPI - OLLA;07/09/2014;EJECUTIVO;10
82412;41;OLLA - MAPI;08/09/2014;EJECUTIVO;10;44;MAPI - OLLA;08/09/2014;EJECUTIVO;10
82220;41;OLLA - MAPI;09/09/2014;EJECUTIVO;10;44;MAPI - OLLA;09/09/2014;EJECUTIVO;10
82221;41;OLLA - MAPI;10/09/2014;EJECUTIVO;10;44;MAPI - OLLA;10/09/2014;EJECUTIVO;10
82222;41;OLLA - MAPI;11/09/2014;EJECUTIVO;10;44;MAPI - OLLA;11/09/2014;EJECUTIVO;10
82223;41;OLLA - MAPI;12/09/2014;EJECUTIVO;10;44;MAPI - OLLA;12/09/2014;EJECUTIVO;10
82224;41;OLLA - MAPI;13/09/2014;EJECUTIVO;10;44;MAPI - OLLA;13/09/2014;EJECUTIVO;10
82225;41;OLLA - MAPI;14/09/2014;EJECUTIVO;10;44;MAPI - OLLA;14/09/2014;EJECUTIVO;10
82226;41;OLLA - MAPI;15/09/2014;EJECUTIVO;10;44;MAPI - OLLA;15/09/2014;EJECUTIVO;10
82413;41;OLLA - MAPI;16/09/2014;EJECUTIVO;10;44;MAPI - OLLA;16/09/2014;EJECUTIVO;10
82414;41;OLLA - MAPI;17/09/2014;EJECUTIVO;10;44;MAPI - OLLA;17/09/2014;EJECUTIVO;10
82415;41;OLLA - MAPI;18/09/2014;EJECUTIVO;10;44;MAPI - OLLA;18/09/2014;EJECUTIVO;10
82227;41;OLLA - MAPI;19/09/2014;EJECUTIVO;10;44;MAPI - OLLA;19/09/2014;EJECUTIVO;10
82228;41;OLLA - MAPI;20/09/2014;EJECUTIVO;10;44;MAPI - OLLA;20/09/2014;EJECUTIVO;10
82229;41;OLLA - MAPI;21/09/2014;EJECUTIVO;10;44;MAPI - OLLA;21/09/2014;EJECUTIVO;10
82230;43;OLLA - MAPI;22/09/2014;EJECUTIVO;10;46;MAPI - OLLA;22/09/2014;EJECUTIVO;10
82231;41;OLLA - MAPI;23/09/2014;EJECUTIVO;10;44;MAPI - OLLA;23/09/2014;EJECUTIVO;10
82232;41;OLLA - MAPI;24/09/2014;EJECUTIVO;10;44;MAPI - OLLA;24/09/2014;EJECUTIVO;10
82233;41;OLLA - MAPI;25/09/2014;EJECUTIVO;10;44;MAPI - OLLA;25/09/2014;EJECUTIVO;10
82416;41;OLLA - MAPI;26/09/2014;EJECUTIVO;10;44;MAPI - OLLA;26/09/2014;EJECUTIVO;10
82234;41;OLLA - MAPI;27/09/2014;EJECUTIVO;10;44;MAPI - OLLA;27/09/2014;EJECUTIVO;10
82235;41;OLLA - MAPI;28/09/2014;EJECUTIVO;10;44;MAPI - OLLA;28/09/2014;EJECUTIVO;10
82236;43;OLLA - MAPI;29/09/2014;EJECUTIVO;10;46;MAPI - OLLA;29/09/2014;EJECUTIVO;10
82237;41;OLLA - MAPI;30/09/2014;EJECUTIVO;10;44;MAPI - OLLA;30/09/2014;EJECUTIVO;10
82417;41;OLLA - MAPI;01/10/2014;EJECUTIVO;10;44;MAPI - OLLA;01/10/2014;EJECUTIVO;10
82239;41;OLLA - MAPI;03/10/2014;EJECUTIVO;10;44;MAPI - OLLA;03/10/2014;EJECUTIVO;10
82240;41;OLLA - MAPI;04/10/2014;EJECUTIVO;10;44;MAPI - OLLA;04/10/2014;EJECUTIVO;10
82241;41;OLLA - MAPI;05/10/2014;EJECUTIVO;10;44;MAPI - OLLA;05/10/2014;EJECUTIVO;10
82242;41;OLLA - MAPI;06/10/2014;EJECUTIVO;10;44;MAPI - OLLA;06/10/2014;EJECUTIVO;10
82243;41;OLLA - MAPI;07/10/2014;EJECUTIVO;10;44;MAPI - OLLA;07/10/2014;EJECUTIVO;10
82418;41;OLLA - MAPI;08/10/2014;EJECUTIVO;10;44;MAPI - OLLA;08/10/2014;EJECUTIVO;10
82244;41;OLLA - MAPI;09/10/2014;EJECUTIVO;10;44;MAPI - OLLA;09/10/2014;EJECUTIVO;10
82419;41;OLLA - MAPI;10/10/2014;EJECUTIVO;10;44;MAPI - OLLA;10/10/2014;EJECUTIVO;10
82245;41;OLLA - MAPI;11/10/2014;EJECUTIVO;10;44;MAPI - OLLA;11/10/2014;EJECUTIVO;10
82246;41;OLLA - MAPI;12/10/2014;EJECUTIVO;10;44;MAPI - OLLA;12/10/2014;EJECUTIVO;10
82247;41;OLLA - MAPI;13/10/2014;EJECUTIVO;7;44;MAPI - OLLA;13/10/2014;EJECUTIVO;7
82248;41;OLLA - MAPI;14/10/2014;EJECUTIVO;7;44;MAPI - OLLA;14/10/2014;EJECUTIVO;7
82249;41;OLLA - MAPI;15/10/2014;EJECUTIVO;10;44;MAPI - OLLA;15/10/2014;EJECUTIVO;10
82250;41;OLLA - MAPI;16/10/2014;EJECUTIVO;10;44;MAPI - OLLA;16/10/2014;EJECUTIVO;10
82251;41;OLLA - MAPI;17/10/2014;EJECUTIVO;10;44;MAPI - OLLA;17/10/2014;EJECUTIVO;10
82254;41;OLLA - MAPI;18/10/2014;EJECUTIVO;10;44;MAPI - OLLA;18/10/2014;EJECUTIVO;10
82255;41;OLLA - MAPI;19/10/2014;EJECUTIVO;10;44;MAPI - OLLA;19/10/2014;EJECUTIVO;10
82256;43;OLLA - MAPI;20/10/2014;EJECUTIVO;10;46;MAPI - OLLA;20/10/2014;EJECUTIVO;10
82257;41;OLLA - MAPI;21/10/2014;EJECUTIVO;10;44;MAPI - OLLA;21/10/2014;EJECUTIVO;10
82258;41;OLLA - MAPI;22/10/2014;EJECUTIVO;10;44;MAPI - OLLA;22/10/2014;EJECUTIVO;10
82259;41;OLLA - MAPI;23/10/2014;EJECUTIVO;10;44;MAPI - OLLA;23/10/2014;EJECUTIVO;10
82260;41;OLLA - MAPI;24/10/2014;EJECUTIVO;10;44;MAPI - OLLA;24/10/2014;EJECUTIVO;10
82261;41;OLLA - MAPI;25/10/2014;EJECUTIVO;10;44;MAPI - OLLA;25/10/2014;EJECUTIVO;10
82263;41;OLLA - MAPI;26/10/2014;EJECUTIVO;10;44;MAPI - OLLA;26/10/2014;EJECUTIVO;10
82264;41;OLLA - MAPI;27/10/2014;EJECUTIVO;10;44;MAPI - OLLA;27/10/2014;EJECUTIVO;10
82265;41;OLLA - MAPI;28/10/2014;EJECUTIVO;10;44;MAPI - OLLA;28/10/2014;EJECUTIVO;10
82266;41;OLLA - MAPI;29/10/2014;EJECUTIVO;10;44;MAPI - OLLA;29/10/2014;EJECUTIVO;10
82267;41;OLLA - MAPI;30/10/2014;EJECUTIVO;10;44;MAPI - OLLA;30/10/2014;EJECUTIVO;10
82268;41;OLLA - MAPI;31/10/2014;EJECUTIVO;10;44;MAPI - OLLA;31/10/2014;EJECUTIVO;10
82269;41;OLLA - MAPI;01/11/2014;EJECUTIVO;10;44;MAPI - OLLA;01/11/2014;EJECUTIVO;10
82270;41;OLLA - MAPI;02/11/2014;EJECUTIVO;10;44;MAPI - OLLA;02/11/2014;EJECUTIVO;10
82271;41;OLLA - MAPI;03/11/2014;EJECUTIVO;10;44;MAPI - OLLA;03/11/2014;EJECUTIVO;10
82272;41;OLLA - MAPI;04/11/2014;EJECUTIVO;10;44;MAPI - OLLA;04/11/2014;EJECUTIVO;10
82273;41;OLLA - MAPI;05/11/2014;EJECUTIVO;10;44;MAPI - OLLA;05/11/2014;EJECUTIVO;10
82274;41;OLLA - MAPI;06/11/2014;EJECUTIVO;10;44;MAPI - OLLA;06/11/2014;EJECUTIVO;10
82275;41;OLLA - MAPI;07/11/2014;EJECUTIVO;10;44;MAPI - OLLA;07/11/2014;EJECUTIVO;10
82276;41;OLLA - MAPI;08/11/2014;EJECUTIVO;10;44;MAPI - OLLA;08/11/2014;EJECUTIVO;10
82277;41;OLLA - MAPI;09/11/2014;EJECUTIVO;10;44;MAPI - OLLA;09/11/2014;EJECUTIVO;10
82278;41;OLLA - MAPI;10/11/2014;EJECUTIVO;10;44;MAPI - OLLA;10/11/2014;EJECUTIVO;10
82279;41;OLLA - MAPI;11/11/2014;EJECUTIVO;10;44;MAPI - OLLA;11/11/2014;EJECUTIVO;10
82280;41;OLLA - MAPI;12/11/2014;EJECUTIVO;10;44;MAPI - OLLA;12/11/2014;EJECUTIVO;10
82281;41;OLLA - MAPI;13/11/2014;EJECUTIVO;10;44;MAPI - OLLA;13/11/2014;EJECUTIVO;10
82282;41;OLLA - MAPI;14/11/2014;EJECUTIVO;10;44;MAPI - OLLA;14/11/2014;EJECUTIVO;10
82283;41;OLLA - MAPI;15/11/2014;EJECUTIVO;10;44;MAPI - OLLA;15/11/2014;EJECUTIVO;10
82284;41;OLLA - MAPI;16/11/2014;EJECUTIVO;10;44;MAPI - OLLA;16/11/2014;EJECUTIVO;10
82285;41;OLLA - MAPI;17/11/2014;EJECUTIVO;10;44;MAPI - OLLA;17/11/2014;EJECUTIVO;10
82420;41;OLLA - MAPI;18/11/2014;EJECUTIVO;10;44;MAPI - OLLA;18/11/2014;EJECUTIVO;10
82421;41;OLLA - MAPI;19/11/2014;EJECUTIVO;10;44;MAPI - OLLA;19/11/2014;EJECUTIVO;10
82286;41;OLLA - MAPI;20/11/2014;EJECUTIVO;10;44;MAPI - OLLA;20/11/2014;EJECUTIVO;10
82287;41;OLLA - MAPI;21/11/2014;EJECUTIVO;10;44;MAPI - OLLA;21/11/2014;EJECUTIVO;10
82288;41;OLLA - MAPI;22/11/2014;EJECUTIVO;10;44;MAPI - OLLA;22/11/2014;EJECUTIVO;10
82289;41;OLLA - MAPI;23/11/2014;EJECUTIVO;10;44;MAPI - OLLA;23/11/2014;EJECUTIVO;10
82290;41;OLLA - MAPI;24/11/2014;EJECUTIVO;10;44;MAPI - OLLA;24/11/2014;EJECUTIVO;10
82291;41;OLLA - MAPI;25/11/2014;EJECUTIVO;10;44;MAPI - OLLA;25/11/2014;EJECUTIVO;10
82292;41;OLLA - MAPI;26/11/2014;EJECUTIVO;10;44;MAPI - OLLA;26/11/2014;EJECUTIVO;10
82293;41;OLLA - MAPI;27/11/2014;EJECUTIVO;10;44;MAPI - OLLA;27/11/2014;EJECUTIVO;10
82294;41;OLLA - MAPI;28/11/2014;EJECUTIVO;10;44;MAPI - OLLA;28/11/2014;EJECUTIVO;10
82295;41;OLLA - MAPI;29/11/2014;EJECUTIVO;10;44;MAPI - OLLA;29/11/2014;EJECUTIVO;10
82296;41;OLLA - MAPI;30/11/2014;EJECUTIVO;10;44;MAPI - OLLA;30/11/2014;EJECUTIVO;10
82297;41;OLLA - MAPI;01/12/2014;EJECUTIVO;10;44;MAPI - OLLA;01/12/2014;EJECUTIVO;10
82298;41;OLLA - MAPI;02/12/2014;EJECUTIVO;10;44;MAPI - OLLA;02/12/2014;EJECUTIVO;10
82299;41;OLLA - MAPI;03/12/2014;EJECUTIVO;10;44;MAPI - OLLA;03/12/2014;EJECUTIVO;10
82300;41;OLLA - MAPI;04/12/2014;EJECUTIVO;10;44;MAPI - OLLA;04/12/2014;EJECUTIVO;10
82301;41;OLLA - MAPI;05/12/2014;EJECUTIVO;10;44;MAPI - OLLA;05/12/2014;EJECUTIVO;10
82302;41;OLLA - MAPI;06/12/2014;EJECUTIVO;10;44;MAPI - OLLA;06/12/2014;EJECUTIVO;10
82303;41;OLLA - MAPI;07/12/2014;EJECUTIVO;10;44;MAPI - OLLA;07/12/2014;EJECUTIVO;10
82304;41;OLLA - MAPI;08/12/2014;EJECUTIVO;10;44;MAPI - OLLA;08/12/2014;EJECUTIVO;10
82422;41;OLLA - MAPI;09/12/2014;EJECUTIVO;10;44;MAPI - OLLA;09/12/2014;EJECUTIVO;10
82305;41;OLLA - MAPI;10/12/2014;EJECUTIVO;10;44;MAPI - OLLA;10/12/2014;EJECUTIVO;10
82306;41;OLLA - MAPI;11/12/2014;EJECUTIVO;10;44;MAPI - OLLA;11/12/2014;EJECUTIVO;10
82307;41;OLLA - MAPI;12/12/2014;EJECUTIVO;10;44;MAPI - OLLA;12/12/2014;EJECUTIVO;10
82308;41;OLLA - MAPI;13/12/2014;EJECUTIVO;10;44;MAPI - OLLA;13/12/2014;EJECUTIVO;10
82309;41;OLLA - MAPI;14/12/2014;EJECUTIVO;10;44;MAPI - OLLA;14/12/2014;EJECUTIVO;10
82310;41;OLLA - MAPI;15/12/2014;EJECUTIVO;10;44;MAPI - OLLA;15/12/2014;EJECUTIVO;10
82311;41;OLLA - MAPI;16/12/2014;EJECUTIVO;10;44;MAPI - OLLA;16/12/2014;EJECUTIVO;10
82312;41;OLLA - MAPI;17/12/2014;EJECUTIVO;10;44;MAPI - OLLA;17/12/2014;EJECUTIVO;10
82313;41;OLLA - MAPI;18/12/2014;EJECUTIVO;10;44;MAPI - OLLA;18/12/2014;EJECUTIVO;10
82314;41;OLLA - MAPI;19/12/2014;EJECUTIVO;10;44;MAPI - OLLA;19/12/2014;EJECUTIVO;10
82315;41;OLLA - MAPI;20/12/2014;EJECUTIVO;10;44;MAPI - OLLA;20/12/2014;EJECUTIVO;10
82316;41;OLLA - MAPI;21/12/2014;EJECUTIVO;10;44;MAPI - OLLA;21/12/2014;EJECUTIVO;10
82317;41;OLLA - MAPI;22/12/2014;EJECUTIVO;10;44;MAPI - OLLA;22/12/2014;EJECUTIVO;10
82318;41;OLLA - MAPI;23/12/2014;EJECUTIVO;10;44;MAPI - OLLA;23/12/2014;EJECUTIVO;10
82319;41;OLLA - MAPI;24/12/2014;EJECUTIVO;10;44;MAPI - OLLA;24/12/2014;EJECUTIVO;10
82320;41;OLLA - MAPI;25/12/2014;EJECUTIVO;10;44;MAPI - OLLA;25/12/2014;EJECUTIVO;10
82321;41;OLLA - MAPI;26/12/2014;EJECUTIVO;10;44;MAPI - OLLA;26/12/2014;EJECUTIVO;10
82322;41;OLLA - MAPI;27/12/2014;EJECUTIVO;10;44;MAPI - OLLA;27/12/2014;EJECUTIVO;10
82323;41;OLLA - MAPI;28/12/2014;EJECUTIVO;10;44;MAPI - OLLA;28/12/2014;EJECUTIVO;10
82324;41;OLLA - MAPI;29/12/2014;EJECUTIVO;10;44;MAPI - OLLA;29/12/2014;EJECUTIVO;10
82325;41;OLLA - MAPI;30/12/2014;EJECUTIVO;10;44;MAPI - OLLA;30/12/2014;EJECUTIVO;10
82326;41;OLLA - MAPI;31/12/2014;EJECUTIVO;10;44;MAPI - OLLA;31/12/2014;EJECUTIVO;10
81388;41;OLLA - MAPI;01/01/2014;TURISTA;10;44;MAPI - OLLA;01/01/2014;TURISTA;10
81389;41;OLLA - MAPI;02/01/2014;TURISTA;10;44;MAPI - OLLA;02/01/2014;TURISTA;10
81390;41;OLLA - MAPI;03/01/2014;TURISTA;10;44;MAPI - OLLA;03/01/2014;TURISTA;10
81391;41;OLLA - MAPI;04/01/2014;TURISTA;10;44;MAPI - OLLA;04/01/2014;TURISTA;10
81392;41;OLLA - MAPI;05/01/2014;TURISTA;10;44;MAPI - OLLA;05/01/2014;TURISTA;10
81393;41;OLLA - MAPI;06/01/2014;TURISTA;10;44;MAPI - OLLA;06/01/2014;TURISTA;10
81395;41;OLLA - MAPI;07/01/2014;TURISTA;10;44;MAPI - OLLA;07/01/2014;TURISTA;10
81396;41;OLLA - MAPI;08/01/2014;TURISTA;10;44;MAPI - OLLA;08/01/2014;TURISTA;10
81397;41;OLLA - MAPI;09/01/2014;TURISTA;10;44;MAPI - OLLA;09/01/2014;TURISTA;10
81398;41;OLLA - MAPI;10/01/2014;TURISTA;10;44;MAPI - OLLA;10/01/2014;TURISTA;10
81399;41;OLLA - MAPI;11/01/2014;TURISTA;10;44;MAPI - OLLA;11/01/2014;TURISTA;10
81400;41;OLLA - MAPI;12/01/2014;TURISTA;10;44;MAPI - OLLA;12/01/2014;TURISTA;10
81401;41;OLLA - MAPI;13/01/2014;TURISTA;10;44;MAPI - OLLA;13/01/2014;TURISTA;10
81402;41;OLLA - MAPI;14/01/2014;TURISTA;10;44;MAPI - OLLA;14/01/2014;TURISTA;10
81403;41;OLLA - MAPI;15/01/2014;TURISTA;10;44;MAPI - OLLA;15/01/2014;TURISTA;10
81404;41;OLLA - MAPI;16/01/2014;TURISTA;10;44;MAPI - OLLA;16/01/2014;TURISTA;10
81405;41;OLLA - MAPI;17/01/2014;TURISTA;10;44;MAPI - OLLA;17/01/2014;TURISTA;10
81406;41;OLLA - MAPI;18/01/2014;TURISTA;10;44;MAPI - OLLA;18/01/2014;TURISTA;10
81407;41;OLLA - MAPI;19/01/2014;TURISTA;10;44;MAPI - OLLA;19/01/2014;TURISTA;10
81408;41;OLLA - MAPI;20/01/2014;TURISTA;10;44;MAPI - OLLA;20/01/2014;TURISTA;10
81409;41;OLLA - MAPI;21/01/2014;TURISTA;10;44;MAPI - OLLA;21/01/2014;TURISTA;10
81410;41;OLLA - MAPI;22/01/2014;TURISTA;10;44;MAPI - OLLA;22/01/2014;TURISTA;10
81411;41;OLLA - MAPI;23/01/2014;TURISTA;10;44;MAPI - OLLA;23/01/2014;TURISTA;10
81412;41;OLLA - MAPI;24/01/2014;TURISTA;10;44;MAPI - OLLA;24/01/2014;TURISTA;10
81413;41;OLLA - MAPI;25/01/2014;TURISTA;10;44;MAPI - OLLA;25/01/2014;TURISTA;10
81414;41;OLLA - MAPI;26/01/2014;TURISTA;10;44;MAPI - OLLA;26/01/2014;TURISTA;10
81415;41;OLLA - MAPI;27/01/2014;TURISTA;10;44;MAPI - OLLA;27/01/2014;TURISTA;10
81416;41;OLLA - MAPI;29/01/2014;TURISTA;7;44;MAPI - OLLA;29/01/2014;TURISTA;7
81417;41;OLLA - MAPI;30/01/2014;TURISTA;10;44;MAPI - OLLA;30/01/2014;TURISTA;10
81418;41;OLLA - MAPI;31/01/2014;TURISTA;10;44;MAPI - OLLA;31/01/2014;TURISTA;10
81421;41;OLLA - MAPI;01/02/2014;TURISTA;4;44;MAPI - OLLA;01/02/2014;TURISTA;4
81423;41;OLLA - MAPI;02/02/2014;TURISTA;10;44;MAPI - OLLA;02/02/2014;TURISTA;10
81424;41;OLLA - MAPI;03/02/2014;TURISTA;10;44;MAPI - OLLA;03/02/2014;TURISTA;10
81425;41;OLLA - MAPI;04/02/2014;TURISTA;10;44;MAPI - OLLA;04/02/2014;TURISTA;10
81426;41;OLLA - MAPI;05/02/2014;TURISTA;10;44;MAPI - OLLA;05/02/2014;TURISTA;10
81427;41;OLLA - MAPI;06/02/2014;TURISTA;10;44;MAPI - OLLA;06/02/2014;TURISTA;10
81428;41;OLLA - MAPI;07/02/2014;TURISTA;10;44;MAPI - OLLA;07/02/2014;TURISTA;10
81429;41;OLLA - MAPI;08/02/2014;TURISTA;10;44;MAPI - OLLA;08/02/2014;TURISTA;10
81431;41;OLLA - MAPI;10/02/2014;TURISTA;9;44;MAPI - OLLA;10/02/2014;TURISTA;9
81432;41;OLLA - MAPI;11/02/2014;TURISTA;10;44;MAPI - OLLA;11/02/2014;TURISTA;10
81433;41;OLLA - MAPI;12/02/2014;TURISTA;10;44;MAPI - OLLA;12/02/2014;TURISTA;10
81434;41;OLLA - MAPI;13/02/2014;TURISTA;10;44;MAPI - OLLA;13/02/2014;TURISTA;10
81435;41;OLLA - MAPI;14/02/2014;TURISTA;10;44;MAPI - OLLA;14/02/2014;TURISTA;10
81436;41;OLLA - MAPI;15/02/2014;TURISTA;10;44;MAPI - OLLA;15/02/2014;TURISTA;10
81437;41;OLLA - MAPI;16/02/2014;TURISTA;10;44;MAPI - OLLA;16/02/2014;TURISTA;10
81438;41;OLLA - MAPI;18/02/2014;TURISTA;10;44;MAPI - OLLA;18/02/2014;TURISTA;10
81439;41;OLLA - MAPI;19/02/2014;TURISTA;10;44;MAPI - OLLA;19/02/2014;TURISTA;10
81440;41;OLLA - MAPI;21/02/2014;TURISTA;10;44;MAPI - OLLA;21/02/2014;TURISTA;10
81441;41;OLLA - MAPI;22/02/2014;TURISTA;6;44;MAPI - OLLA;22/02/2014;TURISTA;6
81442;41;OLLA - MAPI;24/02/2014;TURISTA;10;44;MAPI - OLLA;24/02/2014;TURISTA;10
81443;41;OLLA - MAPI;26/02/2014;TURISTA;10;44;MAPI - OLLA;26/02/2014;TURISTA;10
81444;41;OLLA - MAPI;27/02/2014;TURISTA;10;44;MAPI - OLLA;27/02/2014;TURISTA;10
81445;41;OLLA - MAPI;28/02/2014;TURISTA;10;44;MAPI - OLLA;28/02/2014;TURISTA;10
81504;41;OLLA - MAPI;02/03/2014;TURISTA;10;44;MAPI - OLLA;02/03/2014;TURISTA;10
81505;41;OLLA - MAPI;03/03/2014;TURISTA;10;44;MAPI - OLLA;03/03/2014;TURISTA;10
81506;41;OLLA - MAPI;06/03/2014;TURISTA;10;44;MAPI - OLLA;06/03/2014;TURISTA;10
81507;41;OLLA - MAPI;07/03/2014;TURISTA;10;44;MAPI - OLLA;07/03/2014;TURISTA;10
81508;41;OLLA - MAPI;09/03/2014;TURISTA;10;44;MAPI - OLLA;09/03/2014;TURISTA;10
81509;41;OLLA - MAPI;11/03/2014;TURISTA;10;44;MAPI - OLLA;11/03/2014;TURISTA;10
81511;41;OLLA - MAPI;12/03/2014;TURISTA;10;44;MAPI - OLLA;12/03/2014;TURISTA;10
81512;41;OLLA - MAPI;13/03/2014;TURISTA;10;44;MAPI - OLLA;13/03/2014;TURISTA;10
81513;41;OLLA - MAPI;15/03/2014;TURISTA;4;44;MAPI - OLLA;15/03/2014;TURISTA;4
81514;41;OLLA - MAPI;16/03/2014;TURISTA;10;44;MAPI - OLLA;16/03/2014;TURISTA;10
81515;41;OLLA - MAPI;17/03/2014;TURISTA;10;44;MAPI - OLLA;17/03/2014;TURISTA;10
81516;41;OLLA - MAPI;18/03/2014;TURISTA;10;44;MAPI - OLLA;18/03/2014;TURISTA;10
81517;41;OLLA - MAPI;19/03/2014;TURISTA;10;44;MAPI - OLLA;19/03/2014;TURISTA;10
81518;41;OLLA - MAPI;21/03/2014;TURISTA;10;44;MAPI - OLLA;21/03/2014;TURISTA;10
81519;41;OLLA - MAPI;22/03/2014;TURISTA;8;44;MAPI - OLLA;22/03/2014;TURISTA;8
81520;41;OLLA - MAPI;23/03/2014;TURISTA;10;44;MAPI - OLLA;23/03/2014;TURISTA;10
81521;41;OLLA - MAPI;24/03/2014;TURISTA;10;44;MAPI - OLLA;24/03/2014;TURISTA;10
81522;41;OLLA - MAPI;26/03/2014;TURISTA;10;44;MAPI - OLLA;26/03/2014;TURISTA;10
81523;41;OLLA - MAPI;27/03/2014;TURISTA;10;44;MAPI - OLLA;27/03/2014;TURISTA;10
81524;41;OLLA - MAPI;28/03/2014;TURISTA;10;44;MAPI - OLLA;28/03/2014;TURISTA;10
81525;41;OLLA - MAPI;30/03/2014;TURISTA;10;44;MAPI - OLLA;30/03/2014;TURISTA;10
81526;41;OLLA - MAPI;01/04/2014;TURISTA;10;44;MAPI - OLLA;01/04/2014;TURISTA;10
81527;41;OLLA - MAPI;02/04/2014;TURISTA;10;44;MAPI - OLLA;02/04/2014;TURISTA;10
81528;41;OLLA - MAPI;03/04/2014;TURISTA;5;44;MAPI - OLLA;03/04/2014;TURISTA;5
81529;41;OLLA - MAPI;04/04/2014;TURISTA;10;44;MAPI - OLLA;04/04/2014;TURISTA;10
81530;41;OLLA - MAPI;05/04/2014;TURISTA;10;44;MAPI - OLLA;05/04/2014;TURISTA;10
81531;41;OLLA - MAPI;06/04/2014;TURISTA;10;44;MAPI - OLLA;06/04/2014;TURISTA;10
81532;41;OLLA - MAPI;07/04/2014;TURISTA;7;44;MAPI - OLLA;07/04/2014;TURISTA;7
81533;41;OLLA - MAPI;08/04/2014;TURISTA;10;44;MAPI - OLLA;08/04/2014;TURISTA;10
81534;41;OLLA - MAPI;10/04/2014;TURISTA;10;44;MAPI - OLLA;10/04/2014;TURISTA;10
81535;41;OLLA - MAPI;11/04/2014;TURISTA;9;44;MAPI - OLLA;11/04/2014;TURISTA;9
81536;41;OLLA - MAPI;13/04/2014;TURISTA;10;44;MAPI - OLLA;13/04/2014;TURISTA;10
81537;41;OLLA - MAPI;18/04/2014;TURISTA;6;44;MAPI - OLLA;18/04/2014;TURISTA;6
81538;41;OLLA - MAPI;20/04/2014;TURISTA;10;44;MAPI - OLLA;20/04/2014;TURISTA;10
81539;41;OLLA - MAPI;21/04/2014;TURISTA;4;44;MAPI - OLLA;21/04/2014;TURISTA;4
81540;41;OLLA - MAPI;22/04/2014;TURISTA;4;44;MAPI - OLLA;22/04/2014;TURISTA;4
81541;41;OLLA - MAPI;23/04/2014;TURISTA;10;44;MAPI - OLLA;23/04/2014;TURISTA;10
81543;41;OLLA - MAPI;24/04/2014;TURISTA;6;44;MAPI - OLLA;24/04/2014;TURISTA;6
81544;41;OLLA - MAPI;25/04/2014;TURISTA;10;44;MAPI - OLLA;25/04/2014;TURISTA;10
81545;41;OLLA - MAPI;26/04/2014;TURISTA;10;44;MAPI - OLLA;26/04/2014;TURISTA;10
81546;41;OLLA - MAPI;27/04/2014;TURISTA;10;44;MAPI - OLLA;27/04/2014;TURISTA;10
81547;41;OLLA - MAPI;29/04/2014;TURISTA;10;44;MAPI - OLLA;29/04/2014;TURISTA;10
81548;41;OLLA - MAPI;01/05/2014;TURISTA;4;44;MAPI - OLLA;01/05/2014;TURISTA;4
81549;41;OLLA - MAPI;02/05/2014;TURISTA;10;44;MAPI - OLLA;02/05/2014;TURISTA;10
81550;41;OLLA - MAPI;03/05/2014;TURISTA;10;44;MAPI - OLLA;03/05/2014;TURISTA;10
81551;41;OLLA - MAPI;04/05/2014;TURISTA;10;44;MAPI - OLLA;04/05/2014;TURISTA;10
81552;41;OLLA - MAPI;07/05/2014;TURISTA;10;44;MAPI - OLLA;07/05/2014;TURISTA;10
81553;41;OLLA - MAPI;08/05/2014;TURISTA;10;44;MAPI - OLLA;08/05/2014;TURISTA;10
81554;41;OLLA - MAPI;09/05/2014;TURISTA;10;44;MAPI - OLLA;09/05/2014;TURISTA;10
81555;41;OLLA - MAPI;10/05/2014;TURISTA;10;44;MAPI - OLLA;10/05/2014;TURISTA;10
81557;41;OLLA - MAPI;13/05/2014;TURISTA;6;44;MAPI - OLLA;13/05/2014;TURISTA;6
81558;41;OLLA - MAPI;14/05/2014;TURISTA;9;44;MAPI - OLLA;14/05/2014;TURISTA;9
81559;41;OLLA - MAPI;18/05/2014;TURISTA;8;44;MAPI - OLLA;18/05/2014;TURISTA;8
81560;41;OLLA - MAPI;20/05/2014;TURISTA;9;44;MAPI - OLLA;20/05/2014;TURISTA;9
81563;41;OLLA - MAPI;22/05/2014;TURISTA;10;44;MAPI - OLLA;22/05/2014;TURISTA;10
81564;41;OLLA - MAPI;23/05/2014;TURISTA;10;44;MAPI - OLLA;23/05/2014;TURISTA;10
81565;41;OLLA - MAPI;24/05/2014;TURISTA;10;44;MAPI - OLLA;24/05/2014;TURISTA;10
81566;41;OLLA - MAPI;25/05/2014;TURISTA;10;44;MAPI - OLLA;25/05/2014;TURISTA;10
81567;41;OLLA - MAPI;27/05/2014;TURISTA;10;44;MAPI - OLLA;27/05/2014;TURISTA;10
81568;41;OLLA - MAPI;28/05/2014;TURISTA;9;44;MAPI - OLLA;28/05/2014;TURISTA;9
81569;41;OLLA - MAPI;29/05/2014;TURISTA;10;44;MAPI - OLLA;29/05/2014;TURISTA;10
81570;41;OLLA - MAPI;29/05/2014;TURISTA;5;44;MAPI - OLLA;29/05/2014;TURISTA;5
81571;41;OLLA - MAPI;30/05/2014;TURISTA;10;44;MAPI - OLLA;30/05/2014;TURISTA;10
81572;41;OLLA - MAPI;31/05/2014;TURISTA;5;44;MAPI - OLLA;31/05/2014;TURISTA;5
81573;41;OLLA - MAPI;01/06/2014;TURISTA;10;44;MAPI - OLLA;01/06/2014;TURISTA;10
81574;41;OLLA - MAPI;03/06/2014;TURISTA;10;44;MAPI - OLLA;03/06/2014;TURISTA;10
81575;41;OLLA - MAPI;04/06/2014;TURISTA;10;44;MAPI - OLLA;04/06/2014;TURISTA;10
81576;41;OLLA - MAPI;05/06/2014;TURISTA;10;44;MAPI - OLLA;05/06/2014;TURISTA;10
81577;41;OLLA - MAPI;06/06/2014;TURISTA;8;44;MAPI - OLLA;06/06/2014;TURISTA;8
81578;41;OLLA - MAPI;07/06/2014;TURISTA;10;44;MAPI - OLLA;07/06/2014;TURISTA;10
81579;41;OLLA - MAPI;08/06/2014;TURISTA;10;44;MAPI - OLLA;08/06/2014;TURISTA;10
81580;41;OLLA - MAPI;09/06/2014;TURISTA;10;44;MAPI - OLLA;09/06/2014;TURISTA;10
81581;41;OLLA - MAPI;10/06/2014;TURISTA;10;44;MAPI - OLLA;10/06/2014;TURISTA;10
81582;41;OLLA - MAPI;10/06/2014;TURISTA;7;44;MAPI - OLLA;10/06/2014;TURISTA;7
81583;41;OLLA - MAPI;11/06/2014;TURISTA;10;44;MAPI - OLLA;11/06/2014;TURISTA;10
81584;41;OLLA - MAPI;12/06/2014;TURISTA;10;44;MAPI - OLLA;12/06/2014;TURISTA;10
81585;41;OLLA - MAPI;13/06/2014;TURISTA;10;44;MAPI - OLLA;13/06/2014;TURISTA;10
81586;41;OLLA - MAPI;15/06/2014;TURISTA;10;44;MAPI - OLLA;15/06/2014;TURISTA;10
81587;41;OLLA - MAPI;15/06/2014;TURISTA;10;44;MAPI - OLLA;15/06/2014;TURISTA;10
81588;41;OLLA - MAPI;16/06/2014;TURISTA;10;44;MAPI - OLLA;16/06/2014;TURISTA;10
81589;41;OLLA - MAPI;17/06/2014;TURISTA;10;44;MAPI - OLLA;17/06/2014;TURISTA;10
81590;41;OLLA - MAPI;20/06/2014;TURISTA;10;44;MAPI - OLLA;20/06/2014;TURISTA;10
81591;41;OLLA - MAPI;22/06/2014;TURISTA;10;44;MAPI - OLLA;22/06/2014;TURISTA;10
81592;41;OLLA - MAPI;24/06/2014;TURISTA;10;44;MAPI - OLLA;24/06/2014;TURISTA;10
81593;41;OLLA - MAPI;25/06/2014;TURISTA;10;44;MAPI - OLLA;25/06/2014;TURISTA;10
81595;41;OLLA - MAPI;26/06/2014;TURISTA;6;44;MAPI - OLLA;26/06/2014;TURISTA;6
81597;41;OLLA - MAPI;28/06/2014;TURISTA;10;44;MAPI - OLLA;28/06/2014;TURISTA;10
81598;41;OLLA - MAPI;29/06/2014;TURISTA;10;44;MAPI - OLLA;29/06/2014;TURISTA;10
81599;41;OLLA - MAPI;30/06/2014;TURISTA;10;44;MAPI - OLLA;30/06/2014;TURISTA;10
81671;41;OLLA - MAPI;01/07/2014;TURISTA;10;44;MAPI - OLLA;01/07/2014;TURISTA;10
81672;41;OLLA - MAPI;02/07/2014;TURISTA;10;44;MAPI - OLLA;02/07/2014;TURISTA;10
81673;41;OLLA - MAPI;03/07/2014;TURISTA;10;44;MAPI - OLLA;03/07/2014;TURISTA;10
81674;41;OLLA - MAPI;04/07/2014;TURISTA;10;44;MAPI - OLLA;04/07/2014;TURISTA;10
81675;41;OLLA - MAPI;05/07/2014;TURISTA;10;44;MAPI - OLLA;05/07/2014;TURISTA;10
81676;41;OLLA - MAPI;06/07/2014;TURISTA;10;44;MAPI - OLLA;06/07/2014;TURISTA;10
81677;41;OLLA - MAPI;07/07/2014;TURISTA;5;44;MAPI - OLLA;07/07/2014;TURISTA;5
81678;41;OLLA - MAPI;08/07/2014;TURISTA;10;44;MAPI - OLLA;08/07/2014;TURISTA;10
81679;41;OLLA - MAPI;09/07/2014;TURISTA;10;44;MAPI - OLLA;09/07/2014;TURISTA;10
81680;41;OLLA - MAPI;10/07/2014;TURISTA;10;44;MAPI - OLLA;10/07/2014;TURISTA;10
81681;41;OLLA - MAPI;11/07/2014;TURISTA;10;44;MAPI - OLLA;11/07/2014;TURISTA;10
81682;41;OLLA - MAPI;12/07/2014;TURISTA;10;44;MAPI - OLLA;12/07/2014;TURISTA;10
81683;41;OLLA - MAPI;13/07/2014;TURISTA;10;44;MAPI - OLLA;13/07/2014;TURISTA;10
81685;41;OLLA - MAPI;14/07/2014;TURISTA;6;44;MAPI - OLLA;14/07/2014;TURISTA;6
81687;41;OLLA - MAPI;16/07/2014;TURISTA;10;44;MAPI - OLLA;16/07/2014;TURISTA;10
81689;41;OLLA - MAPI;18/07/2014;TURISTA;10;44;MAPI - OLLA;18/07/2014;TURISTA;10
81690;41;OLLA - MAPI;19/07/2014;TURISTA;4;44;MAPI - OLLA;19/07/2014;TURISTA;4
81691;41;OLLA - MAPI;20/07/2014;TURISTA;10;44;MAPI - OLLA;20/07/2014;TURISTA;10
81692;41;OLLA - MAPI;22/07/2014;TURISTA;10;44;MAPI - OLLA;22/07/2014;TURISTA;10
81693;41;OLLA - MAPI;23/07/2014;TURISTA;10;44;MAPI - OLLA;23/07/2014;TURISTA;10
81694;41;OLLA - MAPI;24/07/2014;TURISTA;10;44;MAPI - OLLA;24/07/2014;TURISTA;10
81695;41;OLLA - MAPI;25/07/2014;TURISTA;8;44;MAPI - OLLA;25/07/2014;TURISTA;8
81696;41;OLLA - MAPI;26/07/2014;TURISTA;8;44;MAPI - OLLA;26/07/2014;TURISTA;8
81698;41;OLLA - MAPI;27/07/2014;TURISTA;10;44;MAPI - OLLA;27/07/2014;TURISTA;10
81699;41;OLLA - MAPI;28/07/2014;TURISTA;6;44;MAPI - OLLA;28/07/2014;TURISTA;6
81700;41;OLLA - MAPI;29/07/2014;TURISTA;10;44;MAPI - OLLA;29/07/2014;TURISTA;10
81701;41;OLLA - MAPI;30/07/2014;TURISTA;10;44;MAPI - OLLA;30/07/2014;TURISTA;10
81702;41;OLLA - MAPI;31/07/2014;TURISTA;7;44;MAPI - OLLA;31/07/2014;TURISTA;7
81703;41;OLLA - MAPI;01/08/2014;TURISTA;10;44;MAPI - OLLA;01/08/2014;TURISTA;10
81704;41;OLLA - MAPI;02/08/2014;TURISTA;5;44;MAPI - OLLA;02/08/2014;TURISTA;5
81705;41;OLLA - MAPI;03/08/2014;TURISTA;10;44;MAPI - OLLA;03/08/2014;TURISTA;10
81716;41;OLLA - MAPI;04/08/2014;TURISTA;8;44;MAPI - OLLA;04/08/2014;TURISTA;8
81718;41;OLLA - MAPI;05/08/2014;TURISTA;10;44;MAPI - OLLA;05/08/2014;TURISTA;10
81721;41;OLLA - MAPI;06/08/2014;TURISTA;10;44;MAPI - OLLA;06/08/2014;TURISTA;10
81722;41;OLLA - MAPI;07/08/2014;TURISTA;7;44;MAPI - OLLA;07/08/2014;TURISTA;7
81723;41;OLLA - MAPI;08/08/2014;TURISTA;6;44;MAPI - OLLA;08/08/2014;TURISTA;6
81724;41;OLLA - MAPI;09/08/2014;TURISTA;10;44;MAPI - OLLA;09/08/2014;TURISTA;10
81725;41;OLLA - MAPI;10/08/2014;TURISTA;10;44;MAPI - OLLA;10/08/2014;TURISTA;10
81726;41;OLLA - MAPI;11/08/2014;TURISTA;6;44;MAPI - OLLA;11/08/2014;TURISTA;6
81727;41;OLLA - MAPI;13/08/2014;TURISTA;7;44;MAPI - OLLA;13/08/2014;TURISTA;7
81728;41;OLLA - MAPI;14/08/2014;TURISTA;10;44;MAPI - OLLA;14/08/2014;TURISTA;10
81729;41;OLLA - MAPI;15/08/2014;TURISTA;8;44;MAPI - OLLA;15/08/2014;TURISTA;8
81730;41;OLLA - MAPI;16/08/2014;TURISTA;10;44;MAPI - OLLA;16/08/2014;TURISTA;10
81731;41;OLLA - MAPI;19/08/2014;TURISTA;10;44;MAPI - OLLA;19/08/2014;TURISTA;10
81732;41;OLLA - MAPI;20/08/2014;TURISTA;10;44;MAPI - OLLA;20/08/2014;TURISTA;10
81734;41;OLLA - MAPI;21/08/2014;TURISTA;10;44;MAPI - OLLA;21/08/2014;TURISTA;10
81735;41;OLLA - MAPI;22/08/2014;TURISTA;10;44;MAPI - OLLA;22/08/2014;TURISTA;10
81737;41;OLLA - MAPI;23/08/2014;TURISTA;10;44;MAPI - OLLA;23/08/2014;TURISTA;10
81738;41;OLLA - MAPI;24/08/2014;TURISTA;10;44;MAPI - OLLA;24/08/2014;TURISTA;10
81739;41;OLLA - MAPI;25/08/2014;TURISTA;5;44;MAPI - OLLA;25/08/2014;TURISTA;5
81740;41;OLLA - MAPI;26/08/2014;TURISTA;10;44;MAPI - OLLA;26/08/2014;TURISTA;10
81741;41;OLLA - MAPI;28/08/2014;TURISTA;10;44;MAPI - OLLA;28/08/2014;TURISTA;10
81742;41;OLLA - MAPI;29/08/2014;TURISTA;8;44;MAPI - OLLA;29/08/2014;TURISTA;8
81743;41;OLLA - MAPI;30/08/2014;TURISTA;10;44;MAPI - OLLA;30/08/2014;TURISTA;10
81744;41;OLLA - MAPI;31/08/2014;TURISTA;10;44;MAPI - OLLA;31/08/2014;TURISTA;10
81745;41;OLLA - MAPI;01/09/2014;TURISTA;10;44;MAPI - OLLA;01/09/2014;TURISTA;10
81746;41;OLLA - MAPI;02/09/2014;TURISTA;10;44;MAPI - OLLA;02/09/2014;TURISTA;10
81747;41;OLLA - MAPI;03/09/2014;TURISTA;10;44;MAPI - OLLA;03/09/2014;TURISTA;10
81748;41;OLLA - MAPI;04/09/2014;TURISTA;10;44;MAPI - OLLA;04/09/2014;TURISTA;10
81751;41;OLLA - MAPI;05/09/2014;TURISTA;8;44;MAPI - OLLA;05/09/2014;TURISTA;8
81753;41;OLLA - MAPI;06/09/2014;TURISTA;10;44;MAPI - OLLA;06/09/2014;TURISTA;10
81754;41;OLLA - MAPI;07/09/2014;TURISTA;10;44;MAPI - OLLA;07/09/2014;TURISTA;10
81755;41;OLLA - MAPI;09/09/2014;TURISTA;10;44;MAPI - OLLA;09/09/2014;TURISTA;10
81757;41;OLLA - MAPI;11/09/2014;TURISTA;10;44;MAPI - OLLA;11/09/2014;TURISTA;10
81758;41;OLLA - MAPI;13/09/2014;TURISTA;10;44;MAPI - OLLA;13/09/2014;TURISTA;10
81759;41;OLLA - MAPI;14/09/2014;TURISTA;10;44;MAPI - OLLA;14/09/2014;TURISTA;10
81760;41;OLLA - MAPI;17/09/2014;TURISTA;10;44;MAPI - OLLA;17/09/2014;TURISTA;10
81761;41;OLLA - MAPI;18/09/2014;TURISTA;7;44;MAPI - OLLA;18/09/2014;TURISTA;7
81762;41;OLLA - MAPI;19/09/2014;TURISTA;10;44;MAPI - OLLA;19/09/2014;TURISTA;10
81763;41;OLLA - MAPI;21/09/2014;TURISTA;8;44;MAPI - OLLA;21/09/2014;TURISTA;8
81764;41;OLLA - MAPI;22/09/2014;TURISTA;10;44;MAPI - OLLA;22/09/2014;TURISTA;10
81765;41;OLLA - MAPI;23/09/2014;TURISTA;10;44;MAPI - OLLA;23/09/2014;TURISTA;10
81766;41;OLLA - MAPI;24/09/2014;TURISTA;10;44;MAPI - OLLA;24/09/2014;TURISTA;10
81768;41;OLLA - MAPI;25/09/2014;TURISTA;7;44;MAPI - OLLA;25/09/2014;TURISTA;7
81769;41;OLLA - MAPI;26/09/2014;TURISTA;10;44;MAPI - OLLA;26/09/2014;TURISTA;10
81770;41;OLLA - MAPI;27/09/2014;TURISTA;10;44;MAPI - OLLA;27/09/2014;TURISTA;10
81771;41;OLLA - MAPI;28/09/2014;TURISTA;7;44;MAPI - OLLA;28/09/2014;TURISTA;7
81772;41;OLLA - MAPI;29/09/2014;TURISTA;9;44;MAPI - OLLA;29/09/2014;TURISTA;9
81773;41;OLLA - MAPI;30/09/2014;TURISTA;10;44;MAPI - OLLA;30/09/2014;TURISTA;10
81853;41;OLLA - MAPI;01/10/2014;TURISTA;9;44;MAPI - OLLA;01/10/2014;TURISTA;9
81854;41;OLLA - MAPI;02/10/2014;TURISTA;5;44;MAPI - OLLA;02/10/2014;TURISTA;5
81855;41;OLLA - MAPI;03/10/2014;TURISTA;10;44;MAPI - OLLA;03/10/2014;TURISTA;10
81856;41;OLLA - MAPI;04/10/2014;TURISTA;10;44;MAPI - OLLA;04/10/2014;TURISTA;10
81857;41;OLLA - MAPI;06/10/2014;TURISTA;8;44;MAPI - OLLA;06/10/2014;TURISTA;8
81858;41;OLLA - MAPI;07/10/2014;TURISTA;10;44;MAPI - OLLA;07/10/2014;TURISTA;10
81861;41;OLLA - MAPI;08/10/2014;TURISTA;9;44;MAPI - OLLA;08/10/2014;TURISTA;9
81862;41;OLLA - MAPI;09/10/2014;TURISTA;8;44;MAPI - OLLA;09/10/2014;TURISTA;8
81863;41;OLLA - MAPI;10/10/2014;TURISTA;10;44;MAPI - OLLA;10/10/2014;TURISTA;10
81864;41;OLLA - MAPI;12/10/2014;TURISTA;10;44;MAPI - OLLA;12/10/2014;TURISTA;10
81865;41;OLLA - MAPI;14/10/2014;TURISTA;10;44;MAPI - OLLA;14/10/2014;TURISTA;10
81866;41;OLLA - MAPI;15/10/2014;TURISTA;10;44;MAPI - OLLA;15/10/2014;TURISTA;10
81867;41;OLLA - MAPI;16/10/2014;TURISTA;10;44;MAPI - OLLA;16/10/2014;TURISTA;10
81868;41;OLLA - MAPI;17/10/2014;TURISTA;5;44;MAPI - OLLA;17/10/2014;TURISTA;5
81869;41;OLLA - MAPI;18/10/2014;TURISTA;10;44;MAPI - OLLA;18/10/2014;TURISTA;10
81870;41;OLLA - MAPI;19/10/2014;TURISTA;5;44;MAPI - OLLA;19/10/2014;TURISTA;5
81871;41;OLLA - MAPI;21/10/2014;TURISTA;9;44;MAPI - OLLA;21/10/2014;TURISTA;9
81872;41;OLLA - MAPI;23/10/2014;TURISTA;10;44;MAPI - OLLA;23/10/2014;TURISTA;10
81873;41;OLLA - MAPI;24/10/2014;TURISTA;10;44;MAPI - OLLA;24/10/2014;TURISTA;10
81874;41;OLLA - MAPI;26/10/2014;TURISTA;10;44;MAPI - OLLA;26/10/2014;TURISTA;10
81875;41;OLLA - MAPI;28/10/2014;TURISTA;10;44;MAPI - OLLA;28/10/2014;TURISTA;10
81876;41;OLLA - MAPI;29/10/2014;TURISTA;10;44;MAPI - OLLA;29/10/2014;TURISTA;10
81877;41;OLLA - MAPI;30/10/2014;TURISTA;5;44;MAPI - OLLA;30/10/2014;TURISTA;5
81878;41;OLLA - MAPI;31/10/2014;TURISTA;10;44;MAPI - OLLA;31/10/2014;TURISTA;10
81881;41;OLLA - MAPI;01/11/2014;TURISTA;10;44;MAPI - OLLA;01/11/2014;TURISTA;10
81882;41;OLLA - MAPI;02/11/2014;TURISTA;10;44;MAPI - OLLA;02/11/2014;TURISTA;10
81885;41;OLLA - MAPI;03/11/2014;TURISTA;10;44;MAPI - OLLA;03/11/2014;TURISTA;10
81886;41;OLLA - MAPI;04/11/2014;TURISTA;10;44;MAPI - OLLA;04/11/2014;TURISTA;10
81887;41;OLLA - MAPI;06/11/2014;TURISTA;6;44;MAPI - OLLA;06/11/2014;TURISTA;6
81888;41;OLLA - MAPI;07/11/2014;TURISTA;10;44;MAPI - OLLA;07/11/2014;TURISTA;10
81889;41;OLLA - MAPI;08/11/2014;TURISTA;10;44;MAPI - OLLA;08/11/2014;TURISTA;10
81890;41;OLLA - MAPI;09/11/2014;TURISTA;10;44;MAPI - OLLA;09/11/2014;TURISTA;10
81891;41;OLLA - MAPI;10/11/2014;TURISTA;10;44;MAPI - OLLA;10/11/2014;TURISTA;10
81892;41;OLLA - MAPI;11/11/2014;TURISTA;10;44;MAPI - OLLA;11/11/2014;TURISTA;10
81893;41;OLLA - MAPI;13/11/2014;TURISTA;10;44;MAPI - OLLA;13/11/2014;TURISTA;10
81894;41;OLLA - MAPI;14/11/2014;TURISTA;8;44;MAPI - OLLA;14/11/2014;TURISTA;8
81895;41;OLLA - MAPI;15/11/2014;TURISTA;10;44;MAPI - OLLA;15/11/2014;TURISTA;10
81896;41;OLLA - MAPI;16/11/2014;TURISTA;10;44;MAPI - OLLA;16/11/2014;TURISTA;10
81897;41;OLLA - MAPI;17/11/2014;TURISTA;10;44;MAPI - OLLA;17/11/2014;TURISTA;10
81898;41;OLLA - MAPI;18/11/2014;TURISTA;10;44;MAPI - OLLA;18/11/2014;TURISTA;10
81899;41;OLLA - MAPI;19/11/2014;TURISTA;10;44;MAPI - OLLA;19/11/2014;TURISTA;10
81900;41;OLLA - MAPI;19/11/2014;TURISTA;5;44;MAPI - OLLA;19/11/2014;TURISTA;5
81901;41;OLLA - MAPI;20/11/2014;TURISTA;10;44;MAPI - OLLA;20/11/2014;TURISTA;10
81902;41;OLLA - MAPI;21/11/2014;TURISTA;10;44;MAPI - OLLA;21/11/2014;TURISTA;10
81903;41;OLLA - MAPI;22/11/2014;TURISTA;10;44;MAPI - OLLA;22/11/2014;TURISTA;10
81904;41;OLLA - MAPI;23/11/2014;TURISTA;10;44;MAPI - OLLA;23/11/2014;TURISTA;10
81905;41;OLLA - MAPI;24/11/2014;TURISTA;10;44;MAPI - OLLA;24/11/2014;TURISTA;10
81906;41;OLLA - MAPI;25/11/2014;TURISTA;10;44;MAPI - OLLA;25/11/2014;TURISTA;10
81907;41;OLLA - MAPI;26/11/2014;TURISTA;10;44;MAPI - OLLA;26/11/2014;TURISTA;10
81908;41;OLLA - MAPI;27/11/2014;TURISTA;10;44;MAPI - OLLA;27/11/2014;TURISTA;10
81909;41;OLLA - MAPI;27/11/2014;TURISTA;10;44;MAPI - OLLA;27/11/2014;TURISTA;10
81910;41;OLLA - MAPI;28/11/2014;TURISTA;8;44;MAPI - OLLA;28/11/2014;TURISTA;8
81911;41;OLLA - MAPI;29/11/2014;TURISTA;10;44;MAPI - OLLA;29/11/2014;TURISTA;10
81912;41;OLLA - MAPI;29/11/2014;TURISTA;7;44;MAPI - OLLA;29/11/2014;TURISTA;7
81913;41;OLLA - MAPI;30/11/2014;TURISTA;10;44;MAPI - OLLA;30/11/2014;TURISTA;10
81914;41;OLLA - MAPI;01/12/2014;TURISTA;10;44;MAPI - OLLA;01/12/2014;TURISTA;10
81915;41;OLLA - MAPI;02/12/2014;TURISTA;10;44;MAPI - OLLA;02/12/2014;TURISTA;10
81916;41;OLLA - MAPI;03/12/2014;TURISTA;8;44;MAPI - OLLA;03/12/2014;TURISTA;8
81917;41;OLLA - MAPI;04/12/2014;TURISTA;10;44;MAPI - OLLA;04/12/2014;TURISTA;10
81918;41;OLLA - MAPI;05/12/2014;TURISTA;10;44;MAPI - OLLA;05/12/2014;TURISTA;10
81919;41;OLLA - MAPI;06/12/2014;TURISTA;10;44;MAPI - OLLA;06/12/2014;TURISTA;10
81920;41;OLLA - MAPI;07/12/2014;TURISTA;10;44;MAPI - OLLA;07/12/2014;TURISTA;10
81921;41;OLLA - MAPI;08/12/2014;TURISTA;10;44;MAPI - OLLA;08/12/2014;TURISTA;10
81922;41;OLLA - MAPI;09/12/2014;TURISTA;10;44;MAPI - OLLA;09/12/2014;TURISTA;10
81923;41;OLLA - MAPI;10/12/2014;TURISTA;10;44;MAPI - OLLA;10/12/2014;TURISTA;10
81924;41;OLLA - MAPI;11/12/2014;TURISTA;10;44;MAPI - OLLA;11/12/2014;TURISTA;10
81925;41;OLLA - MAPI;12/12/2014;TURISTA;10;44;MAPI - OLLA;12/12/2014;TURISTA;10
81926;41;OLLA - MAPI;13/12/2014;TURISTA;10;44;MAPI - OLLA;13/12/2014;TURISTA;10
81927;41;OLLA - MAPI;14/12/2014;TURISTA;10;44;MAPI - OLLA;14/12/2014;TURISTA;10
81928;41;OLLA - MAPI;15/12/2014;TURISTA;10;44;MAPI - OLLA;15/12/2014;TURISTA;10
81929;41;OLLA - MAPI;16/12/2014;TURISTA;10;44;MAPI - OLLA;16/12/2014;TURISTA;10
81931;41;OLLA - MAPI;17/12/2014;TURISTA;10;44;MAPI - OLLA;17/12/2014;TURISTA;10
81932;41;OLLA - MAPI;18/12/2014;TURISTA;10;44;MAPI - OLLA;18/12/2014;TURISTA;10
81934;41;OLLA - MAPI;19/12/2014;TURISTA;8;44;MAPI - OLLA;19/12/2014;TURISTA;8
81935;41;OLLA - MAPI;20/12/2014;TURISTA;10;44;MAPI - OLLA;20/12/2014;TURISTA;10
81936;41;OLLA - MAPI;21/12/2014;TURISTA;10;44;MAPI - OLLA;21/12/2014;TURISTA;10
81937;41;OLLA - MAPI;22/12/2014;TURISTA;10;44;MAPI - OLLA;22/12/2014;TURISTA;10
81938;41;OLLA - MAPI;23/12/2014;TURISTA;10;44;MAPI - OLLA;23/12/2014;TURISTA;10
81939;41;OLLA - MAPI;24/12/2014;TURISTA;10;44;MAPI - OLLA;24/12/2014;TURISTA;10
81940;41;OLLA - MAPI;25/12/2014;TURISTA;10;44;MAPI - OLLA;25/12/2014;TURISTA;10
81941;41;OLLA - MAPI;26/12/2014;TURISTA;10;44;MAPI - OLLA;26/12/2014;TURISTA;10
81942;41;OLLA - MAPI;27/12/2014;TURISTA;10;44;MAPI - OLLA;27/12/2014;TURISTA;10
81943;41;OLLA - MAPI;28/12/2014;TURISTA;10;44;MAPI - OLLA;28/12/2014;TURISTA;10
81944;41;OLLA - MAPI;29/12/2014;TURISTA;10;44;MAPI - OLLA;29/12/2014;TURISTA;10
81945;41;OLLA - MAPI;30/12/2014;TURISTA;10;44;MAPI - OLLA;30/12/2014;TURISTA;10
81946;41;OLLA - MAPI;31/12/2014;TURISTA;10;44;MAPI - OLLA;31/12/2014;TURISTA;10